id,model,question,entity,year,metric,segment,ground_truth,fake_value,answer_rag,confidence_rag,answer_knowledge,confidence_knowledge,answer_adversarial,confidence_adversarial,rag_correct,knowledge_correct,hallucinated,adversarial_correct,error
2190,gpt-4o-mini-search-preview,What was the amount of 'Dividends Received From Investments Accounted For Using Equity Method Classified As Investing Activities' reported by GSK for the year 2023?,GSK,2023,Dividends Received From Investments Accounted For Using Equity Method Classified As Investing Activities,Cash_Flow,11000000.0,,,0,,0,,0,False,False,False,False,"Error code: 400 - {'error': {'message': ""Response format 'json_object' is not supported with web_search."", 'type': 'invalid_request_error', 'param': 'response_format', 'code': None}}"
1266,gpt-4o-mini-search-preview,What was the amount of Profit Loss From Continuing Operations Attributable To Noncontrolling Interests reported by GSK in 2020?,GSK,2020,Profit Loss From Continuing Operations Attributable To Noncontrolling Interests,Income_Statement,230000000.0,261376637.71,,N/A,,,N/A,,£376 million,100,"The available financial data from GSK's 2024 Annual Report indicates that the profit attributable to non-controlling interests from continuing operations in 2024 was £376 million. However, specific figures for 2020 are not provided in the available sources. Therefore, the exact amount for 2020 cannot be determined from the current information.""
}
```",
1766,gpt-4o-mini-search-preview,What was the Basic Earnings Loss Per Share From Continuing Operations for GSK in the year 2023?,GSK,2023,Basic Earnings Loss Per Share From Continuing Operations,Income_Statement,1.216,1.08,The Basic Earnings Per Share (EPS) from continuing operations for GSK in 2023 was 121.6 pence an increase from 110.8 pence in 2022. ([gsk.com](https://www.gsk.com/media/11005/financial-statements-2023.pdf?utm_source=openai)),100,"The provided financial statement indicates that the Basic EPS from continuing operations for GSK in 2023 was 121.6 pence, which is a direct answer to the question.",121.6p,100,The Basic Earnings Per Share (EPS) from continuing operations for GSK in 2023 is reported as 121.6p in their Annual Report 2023. ([gsk.com](https://www.gsk.com/media/11005/financial-statements-2023.pdf?utm_source=openai)),1.216,100,"According to GSK's Annual Report 2023, the Basic Earnings Per Share from Continuing Operations is 121.6 pence, which is equivalent to £1.216. ([gsk.com](https://www.gsk.com/media/11005/financial-statements-2023.pdf?utm_source=openai))""
}
```",
2493,gpt-4o-mini-search-preview,What was the Current Assets Liabilities figure for Hikma Pharmaceuticals in the year 2022?,Hikma Pharmaceuticals,2022,Current Assets Liabilities,Balance_Sheet,922000000.0,828642917.3,$922 million,95,"According to Hikma Pharmaceuticals' Annual Report 2022, net current assets were $922 million as of 31 December 2022. ([annualreports.co.uk](https://www.annualreports.co.uk/HostedData/AnnualReportArchive/h/LSE_HIK_2022.pdf?utm_source=openai)) Net current assets are calculated as current assets minus current liabilities. The report also indicates that current liabilities were $1,078 million as of 31 December 2021. ([annualreports.co.uk](https://www.annualreports.co.uk/HostedData/AnnualReportArchive/h/LSE_HIK_2022.pdf?utm_source=openai)) While the exact current liabilities figure for 2022 is not provided, the net current assets figure of $922 million is a reliable indicator of the company's financial position.""}
```",Hikma Pharmaceuticals,95,"The figures for current assets and current liabilities are directly sourced from Hikma Pharmaceuticals' consolidated balance sheet for the year ending 31 December 2022. ([reports.ticker.app](https://reports.ticker.app/549300BNS685UXH4JI75/2023-03-16/NI-000070367.pdf?utm_source=openai))""
}
```",The Current Assets Liabilities figure for Hikma Pharmaceuticals in the year 2022 is not explicitly available in the provided sources. The available data includes total assets and total liabilities for 2022 but not the specific ,0,"The provided sources do not include the specific 'Current Assets Liabilities' figure for Hikma Pharmaceuticals in 2022. Without this data, it is not possible to verify the accuracy of either Source A or Source B.""
}
```",
347,gpt-4o-mini-search-preview,What was the amount reported by AstraZeneca for Inflows Outflows Of Cash Related To Profit Participation Liability Classified As Investing Activities in the year 2020?,AstraZeneca,2020,Inflows Outflows Of Cash Related To Profit Participation Liability Classified As Investing Activities,Company_Specific_Metric,40000000.0,41386806.26,,N/A,,,N/A,,UNKNOWN,0,"The provided sources (A and B) do not correspond to AstraZeneca's 2020 financial statements. Therefore, it is not possible to determine which source is correct without access to AstraZeneca's official financial reports for that year.""
}
```",
2159,gpt-4o-mini-search-preview,What was the Cash Flows From Used In Operating Activities for GSK in the year 2024?,GSK,2024,Cash Flows From Used In Operating Activities,Cash_Flow,6554000000.0,7509089569.64,,N/A,,£6554 million,100,"According to GSK's Annual Report 2024, the total net cash inflow from operating activities for the year ended 31 December 2024 was £6,554 million. This figure is consistent across multiple sources, including the Annual Report and the Results Summary. ([gsk.com](https://www.gsk.com/media/11854/financial-statements-2024.pdf?utm_source=openai))",£6554 million,100,"According to GSK's Annual Report 2024, the total net cash inflow from operating activities was £6,554 million. ([gsk.com](https://www.gsk.com/media/wrvfwob1/annual-report-2024.pdf?utm_source=openai)) This figure is consistent with the data from Source A. Therefore, Source A is correct.""
}
```",
43,gpt-4o-mini-search-preview,What was AstraZeneca's Profit Loss Before Tax in the year 2020?,AstraZeneca,2020,Profit Loss Before Tax,Income_Statement,3916000000.0,3749872453.05,AstraZeneca,100,"The reported Profit Before Tax for AstraZeneca in 2020 was $3,916 million, reflecting a 153% increase from the previous year. This figure is consistent across multiple reputable sources, including the company's annual reports and financial statements.""
}
```",,N/A,,AstraZeneca,100,"According to AstraZeneca's 2020 Annual Report, the reported profit before tax was $3,916 million, reflecting a 153% increase from the previous year. This figure is consistent across multiple reputable sources, including the company's official financial statements and the U.S. Securities and Exchange Commission filings. Therefore, Source A, which states a profit before tax of $3,916 million, is correct.""
}
```",
594,gpt-4o-mini-search-preview,What was the value of 'Other Comprehensive Income That Will Not Be Reclassified To Profit Or Loss Net Of Tax' for AstraZeneca in the year 2023?,AstraZeneca,2023,Other Comprehensive Income That Will Not Be Reclassified To Profit Or Loss Net Of Tax,Income_Statement,-33000000.0,-36316872.2,-33000000.0,100,"The provided financial statement indicates that the 'Other Comprehensive Income That Will Not Be Reclassified To Profit Or Loss Net Of Tax' for AstraZeneca in 2023 is -33,000,000.0.",,N/A,,UNKNOWN,0,"The provided sources (A and B) do not match the available data for AstraZeneca's 'Other Comprehensive Income That Will Not Be Reclassified To Profit Or Loss Net Of Tax' for the year 2023. According to AstraZeneca's 2023 Annual Report, the 'Other comprehensive income/(loss), net of tax' for items that will not be reclassified to profit or loss was $31 million, a decrease of $746 million from 2022. Therefore, both Source A and Source B are incorrect.""
}
```",
3003,gpt-4o-mini-search-preview,What was the Equity Attributable To Owners Of Parent for Hikma Pharmaceuticals in the year 2024?,Hikma Pharmaceuticals,2024,Equity Attributable To Owners Of Parent,Balance_Sheet,2310000000.0,2424653867.25,The Equity Attributable To Owners Of Parent for Hikma Pharmaceuticals in the year 2024 was $2310 million.,100,"The 2024 Annual Report of Hikma Pharmaceuticals provides detailed financial statements, including the Consolidated Balance Sheet, which reports the Equity Attributable To Owners Of Parent as $2,310 million. ([hikma.com](https://www.hikma.com/investors/2024-annual-report/?utm_source=openai))""}
```",,N/A,,The Equity Attributable To Owners Of Parent for Hikma Pharmaceuticals in the year 2024 is not specified in the available sources.,0,"The provided sources do not include the specific figure for 'Equity Attributable To Owners Of Parent' for the year 2024. Therefore, it is not possible to determine which source, A or B, is correct based on the available information.""
}
```",
1225,gpt-4o-mini-search-preview,What was the 'Other Operating Income Expense' reported by GSK for the year 2022?,GSK,2022,Other Operating Income Expense,Income_Statement,-235000000.0,-258839696.76,,N/A,,,N/A,,-235 million GBP,100,"According to GSK's 2022 Annual Report, the 'Other operating (expense)/income' for the year ended 31 December 2022 was £235 million, reflecting a net expense of £235 million. This figure is reported in the Consolidated Income Statement on page 182 of the report. Therefore, Source A, which states 'Other Operating Income Expense = -235000000.0', is correct. Source B, reporting 'Other Operating Income Expense = -258839696.76', does not match the reported figure and is incorrect.""
}
```",
